mutant,label,significance,review_status
G309D,1,Pathogenic,no assertion criteria provided
G309D,1,Pathogenic,no assertion criteria provided
H271Q,1,Pathogenic,no assertion criteria provided
H271Q,1,Pathogenic,no assertion criteria provided
W437*,1,Pathogenic,no assertion criteria provided
W437*,1,Pathogenic,no assertion criteria provided
R246*,1,Pathogenic,"criteria provided, single submitter"
R246*,1,Pathogenic,"criteria provided, single submitter"
L347P,1,Pathogenic,"criteria provided, multiple submitters, no conflicts"
L347P,1,Pathogenic,"criteria provided, multiple submitters, no conflicts"
T313M,1,Pathogenic/Likely pathogenic,"criteria provided, multiple submitters, no conflicts"
T313M,1,Pathogenic/Likely pathogenic,"criteria provided, multiple submitters, no conflicts"
A217D,1,Pathogenic,no assertion criteria provided
A217D,1,Pathogenic,no assertion criteria provided
Q456*,1,Pathogenic,"criteria provided, multiple submitters, no conflicts"
Q456*,1,Pathogenic,"criteria provided, multiple submitters, no conflicts"
P399L,1,Pathogenic,no assertion criteria provided
P399L,1,Pathogenic,no assertion criteria provided
E476K,0,Benign,"criteria provided, multiple submitters, no conflicts"
E476K,0,Benign,"criteria provided, multiple submitters, no conflicts"
A340T,0,Benign,"criteria provided, multiple submitters, no conflicts"
A340T,0,Benign,"criteria provided, multiple submitters, no conflicts"
Q115L,0,Benign,"criteria provided, multiple submitters, no conflicts"
Q115L,0,Benign,"criteria provided, multiple submitters, no conflicts"
N521T,0,Benign/Likely benign,"criteria provided, multiple submitters, no conflicts"
N521T,0,Benign/Likely benign,"criteria provided, multiple submitters, no conflicts"
R492*,1,Pathogenic,"criteria provided, multiple submitters, no conflicts"
R492*,1,Pathogenic,"criteria provided, multiple submitters, no conflicts"
W222*,1,Pathogenic,"criteria provided, single submitter"
W222*,1,Pathogenic,"criteria provided, single submitter"
Y258*,1,Pathogenic,"criteria provided, multiple submitters, no conflicts"
Y258*,1,Pathogenic,"criteria provided, multiple submitters, no conflicts"
Q5*,1,Pathogenic,"criteria provided, single submitter"
Q5*,1,Pathogenic,"criteria provided, single submitter"
R501Q,0,Benign/Likely benign,"criteria provided, multiple submitters, no conflicts"
R501Q,0,Benign/Likely benign,"criteria provided, multiple submitters, no conflicts"
M527T,0,Likely benign,"criteria provided, single submitter"
M527T,0,Likely benign,"criteria provided, single submitter"
W222*,1,Pathogenic,"criteria provided, single submitter"
W222*,1,Pathogenic,"criteria provided, single submitter"
Q126P,1,Likely pathogenic,"criteria provided, single submitter"
Q126P,1,Likely pathogenic,"criteria provided, single submitter"
Q456R,0,Likely benign,"criteria provided, single submitter"
Q456R,0,Likely benign,"criteria provided, single submitter"
Q534*,1,Pathogenic,"criteria provided, single submitter"
Q534*,1,Pathogenic,"criteria provided, single submitter"
R501*,1,Pathogenic/Likely pathogenic,"criteria provided, multiple submitters, no conflicts"
R501*,1,Pathogenic/Likely pathogenic,"criteria provided, multiple submitters, no conflicts"
Q129*,1,Likely pathogenic,"criteria provided, single submitter"
Q129*,1,Likely pathogenic,"criteria provided, single submitter"
G30S,0,Likely benign,"criteria provided, single submitter"
G30S,0,Likely benign,"criteria provided, single submitter"
S393R,0,Likely benign,"criteria provided, single submitter"
S393R,0,Likely benign,"criteria provided, single submitter"
Q397*,1,Likely pathogenic,"criteria provided, single submitter"
Q397*,1,Likely pathogenic,"criteria provided, single submitter"
Y404*,1,Likely pathogenic,"criteria provided, single submitter"
Y404*,1,Likely pathogenic,"criteria provided, single submitter"
G409R,1,Likely pathogenic,"criteria provided, single submitter"
G409R,1,Likely pathogenic,"criteria provided, single submitter"
L148W,0,Likely benign,"criteria provided, single submitter"
L148W,0,Likely benign,"criteria provided, single submitter"
A211T,0,Likely benign,"criteria provided, single submitter"
A211T,0,Likely benign,"criteria provided, single submitter"
R207*,1,Pathogenic,"criteria provided, single submitter"
R207*,1,Pathogenic,"criteria provided, single submitter"
