mutant,DMS_score
M1W,0.649
M1F,0.388
M1Y,0.647
M1L,0.632
M1I,0.612
M1M,0.0
M1C,0.644
M1A,0.608
M1G,0.604
M1P,0.637
M1N,0.634
M1Q,0.628
M1H,0.641
M1R,0.642
M1K,0.647
M1D,0.643
M1E,0.633
D2W,0.192
D2F,0.038
D2Y,-0.0517
D2L,-0.0525
D2I,0.14
D2V,0.434
D2M,0.059
D2C,0.0646
D2A,0.228
D2G,0.414
D2P,0.268
D2S,0.161
D2N,-0.0599
D2Q,-0.0144
D2H,0.0192
D2R,0.261
D2K,0.184
D2D,0.0
D2E,0.243
V3W,0.144
V3F,0.189
V3Y,0.0694
V3L,0.0445
V3I,0.112
V3V,0.0
V3M,0.0335
V3C,0.122
V3A,0.114
V3G,0.239
V3P,0.576
V3S,0.0837
V3T,0.431
V3N,0.0901
V3Q,0.0997
V3H,0.0818
V3R,-0.0708
V3K,0.194
V3D,0.246
V3E,0.413
F4W,0.0569
F4F,0.0
F4Y,0.278
F4L,0.0337
F4I,0.0249
F4V,0.198
F4M,0.116
F4C,0.223
F4A,0.487
F4G,0.555
F4P,0.599
F4S,0.53
F4T,0.54
F4N,0.5
F4Q,0.536
F4R,0.524
F4K,0.523
F4D,0.374
F4E,0.534
M5W,0.0394
M5F,0.272
M5Y,0.1
M5L,0.519
M5I,0.463
M5V,0.00513
M5M,0.0
M5C,0.245
M5A,0.151
M5G,0.299
M5P,0.612
M5S,0.15
M5T,0.294
M5N,0.16
M5Q,0.474
M5H,0.55
M5R,-0.0418
M5K,0.0013
M5D,0.458
M5E,0.405
K6W,0.0976
K6F,0.171
K6Y,0.0706
K6L,0.0239
K6I,-0.0044
K6V,0.127
K6M,0.0254
K6C,0.142
K6A,0.0121
K6G,0.251
K6P,0.556
K6S,0.121
K6T,0.11
K6N,0.0211
K6Q,0.151
K6H,0.134
K6R,0.0576
K6K,0.0
K6D,0.0975
K6E,0.162
G7F,0.0351
G7Y,0.0274
G7V,-0.0269
G7M,0.0269
G7C,-0.102
G7A,0.0779
G7G,0.0
G7P,0.285
G7S,-0.0918
G7T,0.0115
G7N,-0.0217
G7Q,-0.00673
G7H,0.0623
G7R,-0.168
G7K,0.000826
G7E,0.0668
L8W,-0.0172
L8F,0.159
L8Y,0.221
L8L,0.0
L8I,0.0826
L8V,0.0774
L8M,0.036
L8C,0.244
L8A,0.357
L8G,0.54
L8P,0.543
L8S,0.483
L8T,0.542
L8N,0.579
L8Q,0.556
L8H,0.565
L8R,0.552
L8K,0.543
L8D,0.587
L8E,0.591
S9W,-0.0872
S9F,-0.00755
S9Y,-0.0472
S9L,-0.000417
S9I,-0.0121
S9V,-0.00231
S9M,-0.0308
S9C,0.0215
S9A,0.0678
S9G,-0.0245
S9P,0.56
S9S,0.0
S9T,0.141
S9N,-0.0564
S9Q,0.00524
S9H,0.011
S9R,0.0033
S9K,-0.0164
S9D,0.122
S9E,-0.0388
K10W,0.0455
K10F,0.0663
K10Y,0.016
K10L,-0.0364
K10V,-0.0355
K10M,-0.0321
K10C,0.153
K10A,0.00312
K10G,0.362
K10P,0.556
K10S,0.0591
K10T,0.0503
K10N,0.09
K10Q,0.0667
K10H,0.0943
K10R,-0.0202
K10K,0.0
K10D,0.266
K10E,0.266
A11W,-0.0987
A11F,0.125
A11Y,-0.021
A11L,-0.0347
A11I,-0.0852
A11V,-0.0806
A11M,-0.0681
A11C,-0.125
A11A,0.0
A11G,0.206
A11P,0.556
A11S,0.174
A11T,0.0825
A11N,0.548
A11Q,0.48
A11H,0.475
A11R,0.479
A11K,0.47
A11D,0.577
A11E,0.559
K12W,-0.0216
K12F,-0.0704
K12Y,0.0932
K12L,-0.0359
K12I,0.0929
K12V,-0.0382
K12M,-0.0517
K12C,-0.0259
K12A,-0.000591
K12G,0.166
K12P,0.485
K12S,0.078
K12T,-0.0289
K12N,0.396
K12Q,0.0467
K12H,-0.0258
K12R,-0.0238
K12K,0.0
K12D,0.595
K12E,0.514
E13W,0.077
E13F,-0.022
E13Y,0.0509
E13L,0.211
E13I,0.0794
E13M,-0.0112
E13C,0.0306
E13A,-0.0591
E13G,0.084
E13T,0.0314
E13Q,0.0429
E13H,0.144
E13R,0.0221
E13K,0.0408
E13D,0.0487
E13E,0.0
G14W,0.0445
G14F,-0.00386
G14Y,-0.073
G14L,-0.0364
G14I,-0.0541
G14V,-0.0451
G14M,-0.0654
G14C,-0.0171
G14A,-0.0909
G14G,0.0
G14P,0.334
G14S,-0.0452
G14T,-0.0479
G14N,0.0211
G14Q,-0.0743
G14H,-0.0644
G14R,-0.021
G14K,0.0105
G14D,0.161
G14E,-0.00851
V15W,0.0185
V15F,-0.0521
V15Y,0.161
V15L,0.011
V15I,-0.0368
V15V,0.0
V15M,-0.0487
V15C,0.0457
V15A,0.104
V15G,0.482
V15P,0.567
V15S,0.441
V15T,0.33
V15N,0.596
V15Q,0.586
V15H,0.41
V15R,0.571
V15K,0.571
V15D,0.581
V15E,0.583
V16W,-0.0254
V16F,-0.0285
V16Y,-0.0347
V16L,-0.0116
V16I,-0.025
V16V,0.0
V16M,-0.143
V16C,-0.00847
V16A,0.0401
V16G,0.107
V16P,0.554
V16S,0.015
V16T,0.013
V16N,0.0665
V16Q,0.0712
V16H,0.0683
V16R,0.0164
V16K,0.0354
V16D,0.322
V16E,0.0727
A17W,-0.0118
A17F,0.14
A17Y,-0.00859
A17L,0.0542
A17I,0.0534
A17V,-0.00324
A17M,-0.0315
A17C,0.0449
A17A,0.0
A17G,0.0726
A17P,0.506
A17S,0.0174
A17T,-0.00703
A17N,0.0179
A17Q,-0.00138
A17H,0.0372
A17R,0.0294
A17K,-0.0155
A17D,0.176
A17E,0.0438
A18A,0.0
A19W,-0.0431
A19F,-0.139
A19Y,-0.0916
A19L,-0.106
A19I,0.0674
A19V,-0.009
A19M,0.0478
A19C,0.0754
A19A,0.0
A19G,0.163
A19P,0.542
A19S,0.191
A19T,0.155
A19N,0.412
A19Q,0.316
A19H,0.0548
A19R,0.209
A19K,0.15
A19D,0.547
A19E,0.566
E20W,0.0273
E20F,-0.0259
E20Y,-0.0181
E20L,0.00749
E20I,-0.0112
E20V,0.122
E20M,0.00598
E20C,-0.0152
E20A,-0.0221
E20G,0.206
E20P,0.533
E20S,0.108
E20T,0.0471
E20N,-0.00686
E20Q,0.0139
E20H,-0.03
E20R,0.179
E20K,0.121
E20D,0.0388
E20E,0.0
K21W,0.0172
K21F,-0.0176
K21Y,-0.0989
K21L,-0.0142
K21I,-0.00469
K21V,-0.00219
K21M,-0.0319
K21C,0.102
K21A,-0.0145
K21G,0.573
K21P,0.571
K21S,0.0231
K21T,0.0545
K21N,0.116
K21Q,0.0469
K21H,0.105
K21R,-0.0231
K21K,0.0
K21D,0.52
K21E,0.459
T22W,-0.0778
T22Y,0.0599
T22L,0.0381
T22I,-0.00891
T22V,0.0118
T22M,0.0178
T22C,0.033
T22A,-0.0433
T22G,0.0929
T22S,0.0323
T22T,0.0
T22Q,0.49
T22H,0.209
T22R,0.37
T22K,0.528
T22D,0.566
T22E,0.593
K23W,-0.0616
K23F,0.0311
K23Y,-0.0663
K23L,-0.0277
K23I,0.174
K23V,0.0529
K23M,-0.0711
K23C,-0.0238
K23A,0.0824
K23G,0.282
K23P,0.556
K23S,0.0789
K23T,0.0781
K23N,0.394
K23Q,0.0262
K23H,0.0683
K23R,0.0234
K23K,0.0
K23D,0.603
K23E,0.536
Q24W,0.0501
Q24F,-0.0665
Q24L,0.0177
Q24I,-0.02
Q24V,0.0437
Q24M,-0.102
Q24C,0.124
Q24A,-0.00549
Q24G,0.112
Q24P,0.513
Q24S,0.0116
Q24T,-0.0526
Q24N,0.0224
Q24Q,0.0
Q24H,0.0026
Q24R,-0.018
Q24E,0.0286
G25W,-0.00681
G25F,-0.0431
G25Y,-0.0692
G25L,-0.0493
G25I,-0.0167
G25V,-0.0412
G25M,-0.0139
G25C,0.0139
G25A,-0.0994
G25G,0.0
G25P,0.422
G25S,-0.00257
G25T,-0.0761
G25N,0.0761
G25Q,-0.0699
G25H,-0.0941
G25R,-0.0161
G25K,-0.0518
G25D,0.125
G25E,0.0191
V26W,-0.0678
V26Y,-0.054
V26L,0.0159
V26I,-0.0551
V26V,0.0
V26M,-0.134
V26C,-0.0155
V26A,0.134
V26G,0.416
V26P,0.573
V26S,0.411
V26T,0.335
V26N,0.556
V26Q,0.571
V26H,0.555
V26R,0.55
V26K,0.55
V26D,0.566
V26E,0.524
A27W,-0.00268
A27F,-0.0152
A27Y,-0.0495
A27L,-0.0284
A27I,-0.0639
A27V,0.0254
A27M,-0.0467
A27C,-0.0164
A27A,0.0
A27G,0.0792
A27P,0.504
A27S,0.0521
A27T,0.1
A27N,0.0193
A27Q,-0.0513
A27H,0.0209
A27R,0.0393
A27K,0.0217
A27D,0.253
A27E,0.196
E28W,0.0798
E28F,0.0696
E28Y,0.0204
E28L,0.0274
E28I,0.0411
E28V,-0.0184
E28M,0.0126
E28C,0.0459
E28A,0.0253
E28G,0.0927
E28P,0.336
E28S,0.000185
E28T,0.0272
E28N,0.18
E28Q,0.0388
E28H,0.0294
E28R,0.0297
E28K,0.0422
E28D,0.052
E28E,0.0
A29W,-0.0265
A29F,-0.0347
A29Y,-0.0578
A29L,0.0133
A29I,-0.0564
A29V,0.0174
A29M,-0.0261
A29C,-0.00315
A29A,0.0
A29G,0.161
A29P,0.573
A29S,0.16
A29T,0.0587
A29N,0.366
A29Q,0.18
A29H,0.137
A29R,0.195
A29K,0.056
A29D,0.605
A29E,0.51
A30W,0.0165
A30F,-0.0358
A30Y,-0.0502
A30L,-0.0207
A30I,-0.0727
A30V,-0.0371
A30M,-0.0432
A30C,0.0307
A30A,0.0
A30G,0.246
A30S,0.0867
A30T,0.056
A30N,0.473
A30Q,0.239
A30H,0.193
A30R,0.159
A30K,0.193
A30D,0.562
A30E,0.557
G31W,-0.0229
G31F,-0.0241
G31Y,-0.0528
G31L,-0.0116
G31I,0.0722
G31V,0.0972
G31M,-0.0881
G31C,0.273
G31A,-0.00462
G31G,0.0
G31P,0.426
G31S,-0.0162
G31T,0.0284
G31N,-0.0158
G31Q,-0.0154
G31R,-0.00164
G31K,-0.00552
G31D,0.0261
G31E,0.0627
K32W,-0.079
K32F,-0.0163
K32Y,0.00746
K32L,-0.0412
K32I,-0.0358
K32V,0.0211
K32M,-0.00944
K32C,0.123
K32A,-0.0241
K32G,0.309
K32P,0.401
K32S,0.15
K32T,0.15
K32N,0.167
K32Q,0.0928
K32H,0.0251
K32R,-0.00195
K32K,0.0
K32D,0.51
K32E,0.462
T33W,-0.0344
T33F,0.145
T33Y,-0.0612
T33L,0.0197
T33I,0.108
T33V,-0.0353
T33M,-0.0555
T33C,0.13
T33A,0.0471
T33G,0.111
T33P,0.527
T33S,0.0277
T33T,0.0
T33N,0.485
T33Q,0.39
T33H,0.237
T33R,0.366
T33K,0.417
T33E,0.574
K34W,-0.0762
K34F,0.0469
K34Y,-0.0402
K34L,0.0424
K34I,0.0135
K34V,-0.0633
K34M,0.0881
K34C,0.0252
K34A,-0.00144
K34G,0.179
K34P,0.473
K34S,0.227
K34T,0.149
K34N,0.345
K34Q,0.208
K34H,0.0682
K34R,0.044
K34K,0.0
K34D,0.56
K34E,0.478
E35W,-0.0232
E35F,-0.0303
E35Y,-0.0341
E35L,0.00194
E35I,-0.0581
E35V,0.0326
E35M,-0.0347
E35C,-0.0118
E35A,0.0509
E35G,0.0844
E35P,0.224
E35S,0.0395
E35T,-0.00678
E35N,-0.0199
E35Q,0.069
E35H,0.0285
E35R,-0.00334
E35K,0.031
E35D,0.0127
E35E,0.0
G36W,-0.0338
G36F,0.00704
G36Y,0.0288
G36I,-0.0639
G36V,-0.00596
G36M,-0.0458
G36C,-0.0103
G36A,0.0118
G36G,0.0
G36P,0.396
G36S,-0.0391
G36T,-0.0877
G36N,-0.0546
G36Q,-0.0486
G36H,-0.0638
G36R,-0.0484
G36K,-0.0964
G36D,0.204
G36E,0.105
V37W,-0.0806
V37F,-0.0372
V37Y,0.0149
V37L,-0.0867
V37I,0.046
V37V,0.0
V37M,0.00837
V37C,0.0203
V37A,0.0407
V37G,0.363
V37P,0.575
V37S,0.247
V37T,0.356
V37N,0.514
V37Q,0.54
V37H,0.522
V37R,0.434
V37K,0.364
V37D,0.476
V37E,0.599
L38W,0.0374
L38F,-0.00358
L38Y,-0.0084
L38L,0.0
L38I,0.106
L38V,0.0164
L38M,-0.0193
L38C,0.0167
L38A,0.0742
L38G,0.203
L38P,0.52
L38S,0.107
L38T,0.0898
L38N,0.0739
L38Q,0.0276
L38H,0.103
L38R,-0.0149
L38K,0.0306
L38D,0.251
L38E,0.107
Y39W,-0.000916
Y39F,-0.00894
Y39Y,0.0
Y39L,-0.00386
Y39I,0.00951
Y39V,0.0557
Y39M,-0.000411
Y39C,0.088
Y39A,0.151
Y39G,0.146
Y39P,0.547
Y39S,0.0504
Y39T,0.0689
Y39N,0.112
Y39Q,0.0995
Y39H,0.0475
Y39R,0.0192
Y39K,0.038
Y39D,0.281
Y39E,0.174
V40W,0.111
V40F,-0.0439
V40Y,0.023
V40L,-0.0426
V40I,-0.0086
V40V,0.0
V40M,0.0195
V40C,0.0761
V40A,0.0875
V40G,0.348
V40P,0.477
V40S,0.417
V40T,0.32
V40N,0.453
V40Q,0.409
V40H,0.148
V40R,0.245
V40K,0.348
V40D,0.575
V40E,0.557
G41W,0.0191
G41F,0.00803
G41Y,-0.00567
G41L,0.191
G41I,0.0397
G41V,-0.0139
G41M,-0.0257
G41C,-0.0051
G41A,-0.00668
G41G,0.0
G41P,0.403
G41S,-0.0146
G41T,-0.0197
G41N,0.0978
G41Q,0.0252
G41H,-0.0178
G41R,-0.00591
G41K,0.15
G41D,0.476
G41E,0.312
S42W,-0.0737
S42F,-0.0266
S42Y,-0.00303
S42L,-0.0199
S42I,-0.0224
S42V,-0.00319
S42M,-0.0106
S42C,0.021
S42A,-0.0395
S42G,0.0378
S42P,0.345
S42S,0.0
S42T,0.062
S42N,-0.0496
S42Q,0.00201
S42H,0.0131
S42R,0.00969
S42K,-0.0287
S42D,0.0867
S42E,-0.0203
K43W,-0.037
K43F,-0.0367
K43Y,-0.0179
K43L,-0.0379
K43V,-0.0353
K43M,-0.0625
K43C,-0.000574
K43A,0.00703
K43G,0.321
K43P,0.535
K43S,0.133
K43T,0.0891
K43N,0.172
K43Q,0.0754
K43H,0.0504
K43R,-0.00106
K43K,0.0
K43D,0.548
K43E,0.388
T44W,-0.0428
T44F,-0.0291
T44Y,-0.104
T44L,-0.0025
T44I,-0.0545
T44V,0.00701
T44M,-0.05
T44C,-0.0197
T44A,0.0224
T44G,0.0633
T44P,0.288
T44S,-0.00995
T44T,0.0
T44N,0.331
T44Q,0.346
T44H,0.193
T44R,0.253
T44K,0.299
T44D,0.469
T44E,0.495
K45W,-0.065
K45F,0.0658
K45Y,-0.0257
K45L,-0.0339
K45I,-0.0377
K45V,-0.0174
K45M,-0.076
K45C,-0.00291
K45A,0.00174
K45G,0.0984
K45P,0.145
K45S,0.0226
K45T,0.00548
K45N,0.204
K45H,0.167
K45R,-0.0282
K45K,0.0
K45D,0.509
K45E,0.44
E46W,0.041
E46F,0.0204
E46Y,0.0276
E46L,0.126
E46V,0.0158
E46M,-0.0113
E46C,0.0386
E46A,-0.0187
E46G,0.00308
E46P,0.151
E46S,-0.00151
E46N,-0.0064
E46Q,0.0255
E46H,0.0513
E46R,0.0523
E46K,0.0488
E46D,-0.00454
E46E,0.0
G47W,0.00173
G47F,-0.000715
G47Y,-0.0351
G47L,-0.0222
G47I,0.0116
G47V,-0.00849
G47M,0.0138
G47C,0.0263
G47A,-0.0666
G47G,0.0
G47P,0.218
G47S,-0.0333
G47T,-0.0586
G47N,0.00245
G47Q,-0.0437
G47H,-0.0381
G47R,-0.0274
G47K,0.0225
G47D,0.00879
G47E,0.071
V48W,-0.117
V48F,-0.0233
V48Y,0.049
V48L,-0.0279
V48I,-0.0117
V48V,0.0
V48M,-0.0449
V48C,0.0435
V48A,0.0852
V48G,0.345
V48P,0.423
V48S,0.353
V48T,0.183
V48N,0.434
V48Q,0.459
V48H,0.423
V48R,0.382
V48K,0.381
V48D,0.471
V48E,0.485
V49W,-0.039
V49F,-0.0378
V49Y,-0.00927
V49L,-0.0105
V49I,-0.0235
V49V,0.0
V49M,-0.0429
V49C,-0.036
V49A,-0.0155
V49G,0.0818
V49P,0.173
V49S,0.000694
V49T,-0.00192
V49N,0.119
V49Q,0.00901
V49H,-0.0302
V49R,0.00413
V49K,-0.0222
V49D,0.246
V49E,0.106
H50W,-0.0144
H50F,0.0101
H50Y,-0.0456
H50L,-0.0253
H50I,0.0981
H50V,0.104
H50M,-0.0378
H50C,0.00227
H50A,-0.0297
H50G,0.0632
H50P,0.21
H50S,-0.0118
H50T,-0.0222
H50N,0.0305
H50Q,-0.0262
H50H,0.0
H50R,-0.0283
H50K,0.0115
H50D,0.0522
H50E,0.0376
G51W,-0.0623
G51F,-0.00573
G51Y,-0.0203
G51L,0.00768
G51I,-0.0637
G51V,-0.0286
G51M,-0.056
G51C,-0.0603
G51A,-0.0151
G51G,0.0
G51P,0.242
G51S,0.0931
G51T,-0.00598
G51N,0.0435
G51Q,0.00893
G51H,-0.000234
G51R,0.0202
G51K,0.0553
G51D,0.299
G51E,0.243
V52W,-0.0597
V52F,-0.0806
V52Y,0.0552
V52I,0.0145
V52V,0.0
V52M,-0.0336
V52C,0.00521
V52A,0.0209
V52G,0.226
V52P,0.399
V52S,0.153
V52T,0.249
V52N,0.33
V52Q,0.39
V52H,0.329
V52R,0.274
V52K,0.308
V52E,0.487
A53Y,-0.0563
A53I,-0.0324
A53V,-0.00184
A53M,-0.0329
A53A,0.0
A53G,0.0399
A53P,0.25
A53S,-0.0132
A53T,0.0126
A53N,-0.0179
A53H,-0.00983
A53R,0.0606
A53D,0.17
A53E,0.019
T54W,-0.0151
T54F,-0.0243
T54L,-0.0435
T54I,-0.0355
T54V,-0.0538
T54M,-0.132
T54C,-0.038
T54A,-0.00457
T54G,0.0143
T54P,0.316
T54S,0.0195
T54T,0.0
T54N,0.0073
T54H,-0.0165
T54R,-0.0781
T54D,0.323
T54E,0.161
V55W,-0.0528
V55F,-0.0329
V55Y,-0.0195
V55L,-0.0522
V55I,-0.0284
V55V,0.0
V55M,-0.0319
V55C,0.0294
V55A,0.0499
V55G,0.247
V55P,0.35
V55S,0.252
V55T,0.148
V55N,0.437
V55Q,0.278
V55H,0.324
V55R,0.292
V55D,0.456
V55E,0.443
A56W,-0.0213
A56F,-0.0543
A56Y,0.00499
A56L,-0.0255
A56I,-0.0378
A56V,-0.0295
A56M,-0.0403
A56C,-0.0139
A56A,0.0
A56G,0.0636
A56P,0.303
A56S,-0.0243
A56T,0.0129
A56N,0.176
A56Q,0.0396
A56H,0.0212
A56R,0.0208
A56K,0.00461
A56D,0.422
A56E,0.291
E57W,0.0382
E57F,0.0579
E57Y,-0.00899
E57L,0.0138
E57I,0.00288
E57V,0.0632
E57M,0.0395
E57C,0.0689
E57A,0.0185
E57G,0.0901
E57P,0.178
E57S,0.07
E57T,0.0405
E57N,0.0149
E57Q,0.0425
E57H,0.0563
E57R,0.0508
E57K,0.0188
E57D,0.0386
E57E,0.0
K58W,-0.00964
K58F,0.00698
K58Y,-0.021
K58L,-0.0216
K58I,-0.0439
K58V,0.0097
K58M,-0.0644
K58C,0.0421
K58A,-0.024
K58G,0.446
K58P,0.398
K58S,0.0337
K58T,0.03
K58N,0.0591
K58Q,0.0541
K58H,0.00515
K58R,0.00899
K58K,0.0
K58D,0.35
K58E,0.238
T59W,-0.0461
T59F,-0.0383
T59Y,-0.125
T59L,0.0563
T59I,0.0736
T59V,-0.0173
T59M,0.123
T59C,-0.0232
T59A,-0.00468
T59G,0.0683
T59P,0.353
T59S,0.0615
T59T,0.0
T59N,0.3
T59Q,0.329
T59H,0.171
T59R,0.244
T59K,0.304
T59D,0.416
T59E,0.454
K60W,-0.0114
K60F,0.039
K60Y,0.0171
K60L,-0.0126
K60I,-0.0174
K60V,-0.000314
K60M,-0.0755
K60C,0.029
K60A,-0.0365
K60G,0.0945
K60P,0.23
K60S,0.0715
K60T,0.0448
K60N,0.163
K60Q,0.0651
K60H,0.049
K60R,0.00676
K60K,0.0
K60D,0.437
K60E,0.229
E61W,-0.0169
E61F,0.148
E61Y,0.0509
E61L,0.0176
E61I,0.0489
E61V,0.0256
E61M,0.0416
E61C,0.0416
E61A,0.0474
E61G,0.043
E61P,0.149
E61S,0.0375
E61T,0.0663
E61N,0.0327
E61Q,0.00792
E61H,0.0674
E61R,0.0246
E61K,0.016
E61D,0.0949
E61E,0.0
Q62W,0.0401
Q62F,0.0579
Q62Y,-0.00483
Q62L,0.0276
Q62I,0.0145
Q62V,0.0984
Q62M,0.0375
Q62C,0.0193
Q62A,0.0123
Q62G,0.0713
Q62P,0.185
Q62S,0.0063
Q62T,0.00556
Q62N,0.0133
Q62Q,0.0
Q62H,0.0282
Q62R,-0.0164
Q62K,0.0245
Q62D,0.218
Q62E,0.102
V63W,-0.0965
V63F,0.00346
V63Y,-0.00438
V63L,-0.00654
V63I,-0.000845
V63V,0.0
V63M,-0.0301
V63C,0.0592
V63A,0.0654
V63G,0.172
V63P,0.325
V63S,0.19
V63T,0.165
V63N,0.357
V63Q,0.291
V63H,0.29
V63R,0.124
V63K,0.328
V63D,0.376
V63E,0.369
T64W,0.0295
T64F,-0.0153
T64Y,-0.0286
T64L,0.00443
T64I,-0.0351
T64V,-0.0245
T64M,0.0453
T64C,-0.0108
T64A,0.00665
T64G,0.0183
T64P,0.114
T64S,0.0168
T64T,0.0
T64N,-0.00256
T64Q,0.00551
T64H,-0.0255
T64R,0.00525
T64K,0.0645
T64D,0.0637
T64E,0.031
N65W,-0.0305
N65F,0.0111
N65Y,-0.0124
N65L,0.0193
N65I,-0.0248
N65V,-0.00589
N65M,0.0277
N65C,0.00486
N65A,0.0295
N65G,-0.00346
N65P,0.193
N65S,-7.67e-05
N65T,0.0197
N65N,0.0
N65Q,0.0169
N65H,0.0571
N65R,-0.0192
N65K,0.0323
N65D,0.0727
N65E,0.0154
V66W,-0.038
V66F,-0.0104
V66Y,-0.0435
V66L,-0.00931
V66I,-0.0591
V66V,0.0
V66M,-0.0172
V66C,0.0325
V66A,0.0224
V66G,0.167
V66P,0.256
V66S,0.216
V66T,0.119
V66N,0.206
V66Q,0.234
V66H,0.102
V66R,0.0749
V66K,0.132
V66D,0.295
V66E,0.328
G67W,0.00752
G67F,0.0491
G67Y,-0.00593
G67L,-0.0377
G67I,-0.0214
G67V,-0.000366
G67M,-0.0407
G67C,-0.011
G67A,-0.0291
G67G,0.0
G67P,0.152
G67S,0.0134
G67T,-0.02
G67N,0.0708
G67Q,0.0136
G67H,0.014
G67R,-0.023
G67K,0.0538
G67D,0.281
G67E,0.155
G68W,-0.0509
G68F,-0.0126
G68Y,0.23
G68L,-0.0136
G68I,-0.0571
G68V,-0.0101
G68C,0.0855
G68A,-0.00592
G68G,0.0
G68P,0.0234
G68S,0.0764
G68T,-0.0266
G68Q,0.0942
G68H,-0.0115
G68K,-0.00314
G68D,-0.0267
G68E,-0.0134
A69W,-0.0149
A69F,0.00555
A69Y,-0.0164
A69I,-0.0212
A69V,-0.000557
A69M,0.0702
A69C,0.0485
A69A,0.0
A69G,0.0385
A69P,0.131
A69S,0.041
A69T,0.0311
A69N,0.0606
A69Q,0.00851
A69H,0.00386
A69R,-0.0197
A69K,0.0113
A69D,0.11
A69E,0.145
V70W,-0.0586
V70F,0.0861
V70Y,0.0898
V70L,-0.03
V70I,-0.00343
V70V,0.0
V70M,0.0414
V70C,0.0743
V70A,0.104
V70G,0.239
V70P,0.285
V70S,0.223
V70T,0.191
V70N,0.26
V70Q,0.27
V70H,0.253
V70R,0.227
V70D,0.259
V70E,0.276
V71W,-0.0517
V71F,0.00741
V71Y,0.0165
V71L,0.000405
V71I,-0.049
V71V,0.0
V71M,-0.0352
V71C,0.0797
V71G,0.158
V71P,0.215
V71T,0.0767
V71N,0.137
V71Q,0.0977
V71H,0.0678
V71R,0.0122
V71K,0.0413
V71D,0.249
V71E,0.155
T72W,0.0185
T72F,0.0977
T72Y,-0.0385
T72L,-0.0329
T72I,0.0284
T72V,0.0528
T72M,-0.0611
T72C,-0.00638
T72A,-0.0182
T72G,-0.00448
T72P,0.163
T72S,-0.0213
T72T,0.0
T72N,-0.0483
T72Q,-0.00675
T72H,-0.0604
T72R,-0.00143
T72K,0.0272
T72D,-0.0129
T72E,-0.0469
G73W,-0.0134
G73F,0.0354
G73Y,0.0169
G73L,-0.0227
G73I,0.0291
G73V,-0.0421
G73M,-0.0578
G73C,-0.0507
G73A,-0.0657
G73G,0.0
G73P,0.2
G73S,-0.0364
G73T,-0.0423
G73N,0.00141
G73Q,-0.0102
G73H,-0.000927
G73R,0.0327
G73K,-0.0135
G73D,0.195
G73E,0.0758
V74W,-0.0397
V74F,-0.0456
V74Y,0.0259
V74L,-0.0772
V74I,0.0889
V74V,0.0
V74M,-0.0538
V74C,-0.00474
V74A,0.0124
V74G,0.178
V74P,0.278
V74S,0.234
V74T,0.154
V74N,0.263
V74Q,0.257
V74H,0.303
V74R,0.283
V74K,0.24
V74E,0.263
T75W,-0.0924
T75F,-0.0105
T75Y,-0.0568
T75L,-0.0462
T75I,0.0329
T75V,-0.0451
T75M,0.0109
T75C,0.00247
T75A,-0.0581
T75G,0.0364
T75P,0.229
T75S,0.00611
T75T,0.0
T75N,0.0269
T75Q,-0.0192
T75H,-0.0489
T75R,0.0432
T75K,-0.025
T75D,0.0987
T75E,0.105
A76W,-0.0328
A76F,-0.066
A76Y,0.0119
A76L,-0.011
A76I,-0.0331
A76V,-0.0112
A76M,0.0501
A76C,-0.00153
A76A,0.0
A76G,0.0551
A76P,0.22
A76S,0.023
A76T,-0.0323
A76N,-0.00665
A76Q,0.0152
A76H,-0.00427
A76R,0.00896
A76K,-0.0225
A76D,0.122
A76E,0.0479
V77W,-0.0837
V77F,0.0302
V77Y,-0.014
V77L,-0.0415
V77I,-0.0378
V77V,0.0
V77M,-0.0175
V77C,0.00658
V77A,0.0142
V77G,0.116
V77P,0.203
V77S,0.181
V77T,0.119
V77N,0.227
V77Q,0.188
V77H,0.216
V77R,0.115
V77K,0.181
V77D,0.226
V77E,0.204
A78W,-0.051
A78F,-0.0931
A78Y,-0.0361
A78L,-0.0286
A78I,-0.0135
A78V,-0.00631
A78M,-0.0414
A78C,0.0223
A78A,0.0
A78G,0.0546
A78P,0.207
A78S,0.102
A78T,0.00658
A78N,0.217
A78Q,0.101
A78H,0.0642
A78R,0.025
A78K,0.0799
A78D,0.212
A78E,0.211
Q79W,0.0334
Q79F,-0.0122
Q79Y,0.074
Q79L,-0.022
Q79I,0.0147
Q79V,0.0267
Q79M,0.00539
Q79C,0.00535
Q79A,0.0194
Q79G,0.0594
Q79P,0.206
Q79S,-0.00595
Q79T,0.0251
Q79N,0.0231
Q79Q,0.0
Q79H,0.0326
Q79R,0.00431
Q79K,0.004
Q79D,0.113
Q79E,0.0701
K80W,-0.0248
K80F,0.0359
K80Y,-0.0309
K80L,-0.0277
K80I,0.0339
K80V,0.0201
K80M,0.00458
K80C,0.0513
K80A,-0.00668
K80G,0.0757
K80P,0.206
K80S,0.0332
K80T,0.069
K80N,0.0983
K80Q,0.0363
K80H,0.0246
K80R,0.0148
K80K,0.0
K80D,0.17
K80E,0.14
T81W,0.0563
T81F,-0.0347
T81Y,-0.0188
T81L,-0.00895
T81I,0.0343
T81V,-0.0582
T81M,-0.00416
T81C,0.00782
T81A,-0.0201
T81G,0.0613
T81P,0.154
T81S,0.0487
T81T,0.0
T81N,0.159
T81Q,0.156
T81H,0.114
T81R,0.128
T81K,0.207
T81D,0.219
T81E,0.188
V82W,-0.0191
V82F,0.00046
V82Y,-0.00941
V82L,-0.0217
V82I,0.0438
V82V,0.0
V82M,-0.00349
V82C,0.0323
V82A,-0.00788
V82G,0.135
V82P,0.165
V82S,0.0636
V82T,0.0353
V82N,0.12
V82Q,0.0397
V82H,0.0983
V82R,0.0778
V82K,0.0224
V82D,0.193
V82E,0.143
E83W,-0.00867
E83F,0.105
E83Y,0.00409
E83L,0.0783
E83I,-0.00864
E83V,-0.00107
E83M,-0.000106
E83C,0.0825
E83A,0.00842
E83G,0.0421
E83P,0.0544
E83S,-0.00299
E83T,0.0191
E83N,0.0205
E83Q,-0.000388
E83H,0.0217
E83R,0.0521
E83D,0.018
E83E,0.0
G84W,0.0018
G84F,-0.0261
G84Y,-0.0577
G84L,-0.0158
G84I,-0.0339
G84V,-0.0396
G84M,-0.0746
G84C,-0.0303
G84A,-0.0535
G84G,0.0
G84P,0.173
G84S,-0.00451
G84T,-0.0203
G84N,-0.0147
G84Q,-0.00731
G84H,0.0282
G84R,-0.00862
G84K,-0.0073
G84D,0.107
G84E,0.0323
A85W,-0.0378
A85F,-0.0129
A85Y,0.00735
A85L,-0.0458
A85I,-0.0305
A85V,-0.00826
A85M,-0.0399
A85C,-0.022
A85A,0.0
A85G,0.0402
A85P,0.118
A85S,0.0668
A85T,0.0525
A85N,0.147
A85Q,0.133
A85H,0.0974
A85R,0.117
A85K,0.141
A85D,0.141
A85E,0.203
G86W,-0.0537
G86F,-0.0337
G86Y,-0.0416
G86L,-0.0414
G86I,-0.037
G86V,-0.0115
G86C,-0.0316
G86A,0.0226
G86G,0.0
G86P,0.0397
G86S,-0.0136
G86T,-0.00126
G86N,-0.0147
G86Q,-0.039
G86H,-0.000373
G86R,0.0234
G86K,0.00723
G86D,0.0703
G86E,-0.0201
S87W,-0.0609
S87F,-0.0191
S87Y,0.0327
S87L,-0.0543
S87I,-0.0372
S87V,-0.0308
S87M,-0.0277
S87C,-0.00755
S87A,-0.0155
S87G,-0.0706
S87P,0.0357
S87S,0.0
S87T,0.0246
S87N,0.00745
S87Q,-0.0536
S87H,-0.0217
S87R,0.0794
S87K,0.0617
S87D,0.00714
S87E,-0.00691
I88W,-0.0407
I88F,-0.0348
I88Y,0.149
I88L,0.0106
I88I,0.0
I88V,0.0636
I88M,0.0127
I88C,0.0565
I88A,0.0943
I88G,0.0829
I88P,0.135
I88S,0.141
I88T,0.0945
I88N,0.139
I88Q,0.128
I88H,0.154
I88R,0.0958
I88K,0.128
I88D,0.0794
I88E,0.164
A89W,-0.0524
A89F,-0.0103
A89Y,-0.00846
A89L,-0.0361
A89I,-0.0167
A89V,-0.0342
A89M,-0.00125
A89C,-0.00244
A89A,0.0
A89G,0.0284
A89P,0.0982
A89S,0.0468
A89T,0.0242
A89N,0.121
A89Q,0.0596
A89H,0.0664
A89R,0.0246
A89K,0.124
A89D,0.118
A89E,0.12
A90W,-0.0431
A90L,-0.032
A90I,0.0594
A90V,-0.0112
A90C,-0.0356
A90A,0.0
A90G,0.227
A90P,0.113
A90T,-1.66e-05
A90Q,-0.0062
A90H,0.000836
A90K,0.0431
A90D,0.0449
A90E,0.0561
A91W,-0.00743
A91F,-0.0295
A91Y,-0.0238
A91L,-0.0223
A91I,0.057
A91V,-0.00689
A91M,-0.0292
A91C,0.0164
A91A,0.0
A91G,0.0425
A91P,0.0828
A91S,0.0758
A91T,0.0514
A91N,0.0248
A91Q,0.02
A91H,-0.00563
A91R,0.0508
A91K,0.0835
A91D,0.073
A91E,0.0531
T92W,-0.0608
T92F,0.0324
T92Y,-0.142
T92L,-0.0213
T92I,0.064
T92V,-0.0251
T92M,0.0834
T92C,-0.0379
T92A,-0.00724
T92G,0.0195
T92P,0.0715
T92S,0.0258
T92T,0.0
T92N,0.0226
T92Q,0.111
T92H,0.101
T92R,0.0417
T92K,0.135
T92E,0.0624
G93W,-0.000904
G93F,0.0172
G93Y,0.159
G93L,0.0297
G93I,0.00362
G93V,0.034
G93M,0.11
G93C,0.114
G93A,-0.0183
G93G,0.0
G93P,0.0483
G93S,0.0425
G93T,0.0666
G93N,0.07
G93Q,0.0839
G93H,0.0439
G93R,0.0945
G93K,0.085
G93D,0.046
G93E,0.0541
F94W,-0.0658
F94F,0.0
F94Y,-0.0126
F94I,0.0291
F94V,0.0934
F94M,0.187
F94G,0.0812
F94P,0.0875
F94S,0.0556
F94T,0.0669
F94N,0.0889
F94Q,0.0347
F94H,0.0668
F94R,0.303
F94K,0.108
F94D,0.128
F94E,0.143
V95W,-0.0358
V95F,-0.0358
V95L,-0.0241
V95I,-0.0299
V95V,0.0
V95M,0.169
V95G,0.0135
V95P,0.0392
V95S,0.0228
V95T,-0.0105
V95N,0.000775
V95H,0.0258
V95R,-0.000338
V95D,0.0473
K96W,-0.066
K96F,-0.06
K96Y,-0.0305
K96L,-0.0148
K96I,0.0933
K96V,-0.0213
K96M,-0.0372
K96C,-0.0573
K96A,-0.0179
K96G,-0.0232
K96P,0.0526
K96S,-0.00241
K96T,-0.0291
K96N,-0.0531
K96Q,0.0292
K96H,0.0141
K96R,0.0316
K96K,0.0
K96D,0.0216
K96E,-0.011
K97W,-0.0943
K97F,0.16
K97Y,-0.0511
K97L,0.0229
K97I,-0.0146
K97V,-0.0567
K97M,0.0188
K97C,-0.0156
K97A,0.00406
K97G,-0.01
K97P,-0.00695
K97S,-0.0026
K97T,0.0218
K97N,-0.0138
K97H,0.00518
K97R,-0.0209
K97K,0.0
K97D,-0.0494
K97E,0.0392
D98W,-0.0178
D98L,-0.0113
D98I,0.101
D98V,0.129
D98M,0.046
D98C,-0.0365
D98A,0.0762
D98G,-0.024
D98S,-0.0335
D98T,-0.0414
D98N,0.0181
D98Q,0.0356
D98H,0.00766
D98R,0.00705
D98K,0.0168
D98D,0.0
D98E,-0.00855
Q99W,-0.0316
Q99F,0.00257
Q99Y,-0.0184
Q99L,-0.0395
Q99I,-0.0147
Q99V,-0.021
Q99M,-0.0236
Q99C,0.000595
Q99A,-0.0277
Q99G,-0.0303
Q99P,0.138
Q99S,0.00402
Q99N,-0.00979
Q99Q,0.0
Q99H,-0.0292
Q99R,0.0455
Q99K,0.151
Q99D,-0.00876
Q99E,0.0373
L100W,0.16
L100Y,0.143
L100L,0.0
L100I,0.0268
L100V,-0.0139
L100M,0.0252
L100A,-0.0172
L100G,0.00628
L100P,-0.00388
L100T,0.0379
L100Q,0.00946
L100H,0.105
L100R,0.0169
L100K,0.0693
L100D,0.0217
L100E,0.0109
G101F,-0.0298
G101G,0.0
G101N,0.19
G101Q,0.0101
G101H,1.8e-05
K102W,-0.0304
K102L,-0.0231
K102I,0.0068
K102V,-0.0308
K102C,0.0593
K102G,0.0695
K102P,-0.0438
K102S,0.223
K102Q,0.192
K102K,0.0
K102E,-0.0546
N103W,-0.0233
N103F,0.04
N103Y,0.0149
N103L,0.0103
N103I,0.0637
N103V,-0.02
N103M,-0.017
N103C,0.0191
N103A,0.0581
N103G,0.0385
N103P,-0.00565
N103S,0.0272
N103T,-0.00753
N103N,0.0
N103Q,0.00544
N103H,0.0296
N103R,0.0302
N103K,-0.00213
N103D,-0.0123
N103E,0.037
E104W,0.0496
E104Y,-0.0188
E104L,0.0146
E104I,0.0297
E104V,0.0151
E104M,-0.0455
E104C,0.149
E104A,0.0362
E104G,0.0184
E104P,0.0127
E104S,0.0387
E104T,0.024
E104N,0.039
E104Q,0.0251
E104R,-0.059
E104D,0.0129
E104E,0.0
E105W,0.2
E105F,-0.014
E105Y,0.0251
E105L,0.0109
E105I,0.282
E105V,0.0191
E105M,-0.00234
E105C,0.113
E105G,0.0237
E105P,0.085
E105S,0.0726
E105T,-0.0178
E105N,-0.0216
E105Q,-0.0046
E105H,0.247
E105R,-0.0299
E105K,0.164
E105D,-0.00333
E105E,0.0
G106W,-0.0233
G106F,-0.0153
G106Y,-0.00589
G106L,0.0506
G106I,-0.0136
G106V,0.0443
G106M,0.0346
G106C,0.0106
G106A,0.0123
G106G,0.0
G106P,-0.0188
G106S,-0.0374
G106T,0.0411
G106N,0.063
G106Q,0.0535
G106H,0.0193
G106R,0.0367
G106K,0.0216
G106D,0.0776
G106E,0.0213
A107W,0.00713
A107F,0.0347
A107Y,0.0595
A107L,-0.0119
A107I,0.101
A107V,0.0235
A107M,-0.00286
A107C,0.0515
A107A,0.0
A107G,-0.000494
A107P,0.043
A107S,0.00145
A107T,0.021
A107N,0.00685
A107Q,0.0522
A107H,0.019
A107R,0.00537
A107K,-0.0119
A107D,0.00457
A107E,0.0545
P108W,0.0233
P108F,-0.016
P108Y,0.0462
P108L,0.012
P108I,0.0474
P108V,0.0205
P108M,0.000517
P108C,-0.00812
P108A,0.0704
P108G,0.138
P108P,0.0
P108S,0.0208
P108T,-0.0179
P108N,-0.0212
P108Q,-0.0131
P108H,0.0149
P108R,0.00434
P108K,0.0106
P108D,-0.00227
P108E,-0.0312
Q109W,0.0365
Q109F,0.00412
Q109Y,0.000791
Q109L,0.0576
Q109I,-0.000683
Q109V,-0.0134
Q109M,0.0861
Q109C,0.0222
Q109A,0.169
Q109G,0.119
Q109P,0.00635
Q109S,-0.016
Q109T,-0.00282
Q109Q,0.0
Q109H,-0.00316
Q109R,-0.00701
Q109K,-0.0367
Q109D,-0.0119
Q109E,0.00214
E110W,0.0786
E110F,0.0291
E110Y,-0.0185
E110L,-0.0298
E110I,0.0453
E110V,0.0115
E110M,0.0217
E110C,0.031
E110A,0.003
E110P,-0.0121
E110S,0.0278
E110T,-0.0247
E110N,0.00836
E110Q,0.035
E110H,0.121
E110R,0.0116
E110K,0.0513
E110D,-0.00316
E110E,0.0
G111M,-0.079
G111G,0.0
G111Q,-0.0166
G111K,0.00983
I112W,0.00507
I112F,0.0591
I112Y,0.0538
I112L,0.0488
I112I,0.0
I112V,-0.00636
I112M,0.0361
I112C,0.0553
I112A,0.0945
I112G,0.00321
I112P,-0.00359
I112S,0.00554
I112T,0.0267
I112N,0.021
I112Q,0.0484
I112H,0.0087
I112R,0.0312
I112K,0.0693
I112D,0.0455
I112E,0.0483
L113W,-0.00148
L113F,0.00707
L113Y,0.00679
L113L,0.0
L113I,-0.0119
L113V,-0.117
L113M,0.0227
L113C,0.0947
L113A,-0.0148
L113G,-0.00712
L113P,-0.00163
L113S,-0.0189
L113T,0.00451
L113N,0.208
L113Q,-0.0472
L113H,-0.00661
L113R,0.00031
L113K,0.0231
L113D,-0.031
L113E,-0.0284
E114W,0.00877
E114Y,-0.00727
E114L,0.00514
E114I,-0.017
E114V,-0.0124
E114M,0.0936
E114C,-0.0928
E114A,0.105
E114G,-0.011
E114P,-0.00485
E114S,-0.00349
E114T,0.102
E114N,-0.013
E114Q,0.0234
E114H,0.0242
E114R,-0.0186
E114K,-0.00549
E114D,-0.0603
E114E,0.0
D115W,0.0436
D115F,0.00243
D115Y,-0.0146
D115L,0.0589
D115I,0.0603
D115V,-0.00418
D115M,0.0164
D115C,0.0385
D115A,-0.0229
D115G,-0.0361
D115P,0.0855
D115S,0.0529
D115T,-0.00336
D115N,0.0291
D115Q,0.0174
D115H,-0.0262
D115R,0.0609
D115K,0.012
D115D,0.0
D115E,-0.0159
M116F,0.0144
M116I,0.0187
M116V,0.293
M116M,0.0
M116C,0.0148
M116G,0.101
M116H,-0.0137
M116E,-0.0209
P117W,0.00165
P117F,0.0641
P117Y,0.00359
P117L,0.095
P117I,0.0613
P117V,-0.00296
P117M,0.0216
P117C,-0.0117
P117A,0.0459
P117G,-0.0229
P117P,0.0
P117S,0.0636
P117T,0.0169
P117N,0.00714
P117Q,-0.0217
P117H,0.0518
P117R,0.0845
P117K,0.0261
P117D,0.0383
P117E,0.163
V118W,0.0525
V118F,-0.0182
V118Y,0.00686
V118L,0.0205
V118I,0.0811
V118V,0.0
V118M,0.0113
V118C,-0.022
V118A,0.00851
V118G,0.00259
V118P,-0.0216
V118S,0.00181
V118T,0.11
V118N,-0.0171
V118Q,0.146
V118H,0.0253
V118R,0.00336
V118K,0.0056
V118D,0.00193
V118E,-0.012
D119W,0.0789
D119F,0.0973
D119Y,0.123
D119L,-0.00055
D119V,0.0492
D119M,0.00512
D119C,-0.0122
D119A,-0.00948
D119G,0.0198
D119P,-0.00509
D119S,0.0828
D119T,-0.00611
D119N,0.0404
D119Q,-0.0207
D119H,0.0109
D119R,0.212
D119K,0.171
D119D,0.0
D119E,-0.01
P120W,0.0485
P120F,0.0391
P120Y,0.0159
P120L,0.0125
P120I,0.0215
P120V,0.0541
P120M,0.0186
P120C,0.0263
P120A,-0.00103
P120G,0.000161
P120P,0.0
P120S,0.0145
P120T,-0.00922
P120N,0.0426
P120Q,-0.00734
P120H,-0.00483
P120R,-0.0125
P120K,0.0284
P120D,0.0423
P120E,0.0201
D121W,0.0551
D121F,-0.0448
D121Y,-0.0168
D121L,0.0151
D121I,0.00749
D121V,0.0708
D121M,0.0158
D121C,0.0149
D121A,0.0202
D121G,-0.00658
D121P,0.011
D121S,-0.00424
D121T,-0.0197
D121N,0.017
D121H,-0.00567
D121R,0.0813
D121K,-0.00645
D121D,0.0
D121E,-0.00742
N122W,0.0178
N122F,-0.000887
N122Y,0.0884
N122L,0.0468
N122I,0.0167
N122V,0.00684
N122M,0.000117
N122C,0.0444
N122A,0.0624
N122G,0.154
N122P,0.0228
N122S,0.02
N122T,-0.000585
N122N,0.0
N122Q,0.0171
N122H,0.0304
N122R,-0.0351
N122K,-0.00549
N122D,-0.000872
N122E,-0.0118
E123W,-0.0184
E123F,0.0133
E123Y,-0.00973
E123L,0.00148
E123I,0.00699
E123V,-0.0226
E123M,-0.0142
E123C,-0.0418
E123A,0.0363
E123G,0.000561
E123P,-0.00359
E123S,-0.000375
E123T,0.0161
E123N,0.0125
E123Q,-0.0097
E123H,-0.00187
E123R,0.0839
E123K,0.016
E123D,-0.0241
E123E,0.0
A124W,-0.012
A124F,-0.0265
A124Y,-0.0396
A124L,0.0796
A124I,0.16
A124V,-0.0287
A124M,-0.037
A124C,-0.0311
A124A,0.0
A124G,0.00681
A124P,0.0265
A124S,0.0199
A124T,0.116
A124N,0.0663
A124Q,0.0506
A124H,0.0118
A124R,0.0138
A124K,-0.0437
A124D,-0.0403
A124E,-0.0194
Y125W,0.0261
Y125F,0.017
Y125Y,0.0
Y125L,0.0199
Y125I,-0.0234
Y125V,-0.027
Y125M,0.113
Y125C,0.0272
Y125A,0.106
Y125G,0.0148
Y125P,0.00377
Y125S,0.0362
Y125T,0.00852
Y125N,0.0352
Y125Q,-0.00315
Y125H,0.00708
Y125R,0.0395
Y125K,-0.0191
Y125D,-0.0095
Y125E,0.0457
E126W,0.0891
E126F,0.0276
E126Y,0.0748
E126L,0.0462
E126I,0.0041
E126V,-0.00104
E126M,0.00829
E126C,-0.0336
E126A,-0.0607
E126G,-0.0137
E126P,0.00327
E126S,0.0546
E126T,0.0305
E126N,-0.0153
E126Q,0.124
E126H,-0.0207
E126R,0.00138
E126K,0.00135
E126D,-0.00539
E126E,0.0
M127W,0.0458
M127F,1.25e-05
M127Y,-0.0113
M127L,0.00446
M127I,-0.00629
M127V,0.0171
M127M,0.0
M127C,0.0263
M127A,0.109
M127G,0.0888
M127P,0.0817
M127S,0.0705
M127T,0.062
M127N,0.00723
M127Q,-0.0116
M127H,0.0224
M127R,0.0554
M127K,-0.00294
M127D,0.0538
M127E,-0.0358
P128W,0.0151
P128F,0.136
P128Y,0.0341
P128L,-0.00706
P128I,-0.0102
P128V,0.0864
P128M,-0.0178
P128C,0.0564
P128A,0.00606
P128G,0.0555
P128P,0.0
P128S,0.0704
P128T,0.0327
P128N,0.0163
P128Q,0.0249
P128H,0.0832
P128R,0.00138
P128K,0.0584
P128D,-0.016
P128E,0.0396
S129W,0.0692
S129F,0.0673
S129Y,-0.0122
S129L,0.0448
S129I,0.0425
S129V,0.0137
S129M,-0.00091
S129C,0.02
S129A,0.0419
S129G,0.0209
S129P,-0.00747
S129S,0.0
S129T,0.00932
S129N,0.0683
S129Q,0.0254
S129H,0.0371
S129R,0.0861
S129K,0.0792
S129D,-0.0012
S129E,0.00765
E130W,0.00177
E130F,0.0113
E130Y,-0.00143
E130L,0.0214
E130I,0.0364
E130V,-0.0512
E130M,0.0159
E130C,0.0242
E130A,0.0364
E130G,-0.0113
E130P,-0.00558
E130S,0.0793
E130T,0.0508
E130N,-0.00832
E130Q,-0.00552
E130H,0.00355
E130R,0.0615
E130K,-0.00621
E130D,0.00121
E130E,0.0
E131W,0.0452
E131F,0.0462
E131Y,-0.0154
E131L,0.0469
E131I,-0.0093
E131V,-0.00862
E131M,0.135
E131C,-0.0152
E131A,-0.0158
E131G,0.0676
E131P,0.00659
E131S,-0.0249
E131T,0.00383
E131N,-0.00154
E131Q,0.0212
E131H,0.0101
E131R,0.0232
E131K,0.0314
E131D,-0.00309
E131E,0.0
G132W,-0.00837
G132F,-0.0128
G132Y,-0.027
G132L,-0.00447
G132I,-0.0277
G132M,-0.0202
G132C,-0.0151
G132A,-0.00704
G132G,0.0
G132P,0.0701
G132S,0.0994
G132T,-0.0203
G132N,-0.0327
G132Q,0.00156
G132H,0.0397
G132R,-0.0291
G132K,0.0451
G132D,-0.014
G132E,-0.0276
Y133W,0.00861
Y133F,0.0168
Y133Y,0.0
Y133L,-0.0173
Y133I,0.151
Y133V,0.055
Y133M,0.0078
Y133C,0.0188
Y133A,0.0286
Y133G,0.00359
Y133P,-0.0148
Y133S,0.101
Y133T,0.0238
Y133N,0.00853
Y133Q,0.0267
Y133H,-0.000751
Y133R,0.173
Y133K,0.105
Y133D,-0.0123
Y133E,0.00189
Q134W,0.0122
Q134F,0.047
Q134Y,0.0135
Q134L,-0.00293
Q134I,-0.00682
Q134V,0.0864
Q134M,-0.00381
Q134C,0.00539
Q134A,0.0414
Q134G,-0.0174
Q134P,-0.0144
Q134S,0.0152
Q134T,0.114
Q134N,0.0129
Q134Q,0.0
Q134H,0.0806
Q134R,-0.0184
Q134K,-0.0195
Q134D,0.00809
Q134E,0.0459
D135W,0.0212
D135F,0.0106
D135Y,0.0323
D135L,0.00398
D135I,-0.0144
D135V,0.00805
D135M,0.00927
D135C,0.034
D135A,0.0742
D135G,0.0473
D135P,0.0819
D135S,0.0866
D135T,0.00796
D135N,-0.0287
D135Q,0.0115
D135H,0.00639
D135R,0.0415
D135K,0.0617
D135D,0.0
D135E,-0.0283
Y136W,-0.0141
Y136F,-0.00325
Y136Y,0.0
Y136L,0.00511
Y136I,0.00931
Y136V,0.0144
Y136M,0.00474
Y136C,0.011
Y136A,0.0561
Y136G,0.043
Y136P,0.0206
Y136S,-0.0355
Y136T,0.0453
Y136N,0.0969
Y136Q,0.0185
Y136H,0.018
Y136R,0.0362
Y136K,0.00876
Y136D,0.19
Y136E,0.0896
E137W,0.0284
E137F,0.0198
E137Y,0.00297
E137L,0.0208
E137I,0.0779
E137V,0.0591
E137M,0.06
E137C,0.0245
E137A,0.0188
E137G,0.0288
E137P,0.0639
E137S,-0.00114
E137T,0.0581
E137N,0.0683
E137Q,0.0476
E137H,0.0204
E137R,0.00334
E137K,0.0729
E137D,0.00808
E137E,0.0
P138W,-0.00358
P138F,-0.00517
P138Y,0.0242
P138L,0.0614
P138I,0.0681
P138V,0.0115
P138M,0.0309
P138C,-0.000369
P138A,-0.00235
P138G,-0.0142
P138P,0.0
P138S,0.00384
P138T,0.0395
P138N,0.0843
P138Q,0.0653
P138H,0.0491
P138R,0.0485
P138K,0.0576
P138D,0.0355
P138E,0.0823
E139W,0.0155
E139F,-0.0225
E139Y,-0.0295
E139L,0.0511
E139I,-0.0156
E139V,-0.00414
E139M,0.0339
E139C,0.137
E139A,0.021
E139G,0.0352
E139P,0.0619
E139S,-0.0107
E139T,0.1
E139N,-0.00981
E139Q,0.0581
E139H,0.0418
E139R,0.0157
E139K,0.00321
E139D,0.0194
E139E,0.0
A140W,-0.00672
A140F,0.0177
A140Y,-0.00921
A140L,-0.00289
A140I,0.0186
A140V,-0.00629
A140M,0.032
A140C,-0.0138
A140A,0.0
A140G,-0.0244
A140P,0.0299
A140S,0.000628
A140T,-0.0239
A140N,-0.015
A140Q,0.0524
A140H,0.0336
A140R,-0.014
A140K,0.0151
A140D,-0.0231
A140E,0.0301
